id,date,store_nbr,family,sales,onpromotion
1755,2013-01-01,9,CELEBRATION,0,0
3537,2013-01-02,9,CELEBRATION,0,0
5319,2013-01-03,9,CELEBRATION,0,0
7101,2013-01-04,9,CELEBRATION,0,0
8883,2013-01-05,9,CELEBRATION,0,0
10665,2013-01-06,9,CELEBRATION,0,0
12447,2013-01-07,9,CELEBRATION,0,0
14229,2013-01-08,9,CELEBRATION,0,0
16011,2013-01-09,9,CELEBRATION,0,0
17793,2013-01-10,9,CELEBRATION,0,0
19575,2013-01-11,9,CELEBRATION,0,0
21357,2013-01-12,9,CELEBRATION,0,0
23139,2013-01-13,9,CELEBRATION,0,0
24921,2013-01-14,9,CELEBRATION,0,0
26703,2013-01-15,9,CELEBRATION,0,0
28485,2013-01-16,9,CELEBRATION,0,0
30267,2013-01-17,9,CELEBRATION,0,0
32049,2013-01-18,9,CELEBRATION,0,0
33831,2013-01-19,9,CELEBRATION,0,0
35613,2013-01-20,9,CELEBRATION,0,0
37395,2013-01-21,9,CELEBRATION,0,0
39177,2013-01-22,9,CELEBRATION,0,0
40959,2013-01-23,9,CELEBRATION,0,0
42741,2013-01-24,9,CELEBRATION,0,0
44523,2013-01-25,9,CELEBRATION,0,0
46305,2013-01-26,9,CELEBRATION,0,0
48087,2013-01-27,9,CELEBRATION,0,0
49869,2013-01-28,9,CELEBRATION,0,0
51651,2013-01-29,9,CELEBRATION,0,0
53433,2013-01-30,9,CELEBRATION,0,0
55215,2013-01-31,9,CELEBRATION,0,0
56997,2013-02-01,9,CELEBRATION,0,0
58779,2013-02-02,9,CELEBRATION,0,0
60561,2013-02-03,9,CELEBRATION,0,0
62343,2013-02-04,9,CELEBRATION,0,0
64125,2013-02-05,9,CELEBRATION,0,0
65907,2013-02-06,9,CELEBRATION,0,0
67689,2013-02-07,9,CELEBRATION,0,0
69471,2013-02-08,9,CELEBRATION,0,0
71253,2013-02-09,9,CELEBRATION,0,0
73035,2013-02-10,9,CELEBRATION,0,0
74817,2013-02-11,9,CELEBRATION,0,0
76599,2013-02-12,9,CELEBRATION,0,0
78381,2013-02-13,9,CELEBRATION,0,0
80163,2013-02-14,9,CELEBRATION,0,0
81945,2013-02-15,9,CELEBRATION,0,0
83727,2013-02-16,9,CELEBRATION,0,0
85509,2013-02-17,9,CELEBRATION,0,0
87291,2013-02-18,9,CELEBRATION,0,0
89073,2013-02-19,9,CELEBRATION,0,0
90855,2013-02-20,9,CELEBRATION,0,0
92637,2013-02-21,9,CELEBRATION,0,0
94419,2013-02-22,9,CELEBRATION,0,0
96201,2013-02-23,9,CELEBRATION,0,0
97983,2013-02-24,9,CELEBRATION,0,0
99765,2013-02-25,9,CELEBRATION,0,0
101547,2013-02-26,9,CELEBRATION,0,0
103329,2013-02-27,9,CELEBRATION,0,0
105111,2013-02-28,9,CELEBRATION,0,0
106893,2013-03-01,9,CELEBRATION,0,0
108675,2013-03-02,9,CELEBRATION,0,0
110457,2013-03-03,9,CELEBRATION,0,0
112239,2013-03-04,9,CELEBRATION,0,0
114021,2013-03-05,9,CELEBRATION,0,0
115803,2013-03-06,9,CELEBRATION,0,0
117585,2013-03-07,9,CELEBRATION,0,0
119367,2013-03-08,9,CELEBRATION,0,0
121149,2013-03-09,9,CELEBRATION,0,0
122931,2013-03-10,9,CELEBRATION,0,0
124713,2013-03-11,9,CELEBRATION,0,0
126495,2013-03-12,9,CELEBRATION,0,0
128277,2013-03-13,9,CELEBRATION,0,0
130059,2013-03-14,9,CELEBRATION,0,0
131841,2013-03-15,9,CELEBRATION,0,0
133623,2013-03-16,9,CELEBRATION,0,0
135405,2013-03-17,9,CELEBRATION,0,0
137187,2013-03-18,9,CELEBRATION,0,0
138969,2013-03-19,9,CELEBRATION,0,0
140751,2013-03-20,9,CELEBRATION,0,0
142533,2013-03-21,9,CELEBRATION,0,0
144315,2013-03-22,9,CELEBRATION,0,0
146097,2013-03-23,9,CELEBRATION,0,0
147879,2013-03-24,9,CELEBRATION,0,0
149661,2013-03-25,9,CELEBRATION,0,0
151443,2013-03-26,9,CELEBRATION,0,0
153225,2013-03-27,9,CELEBRATION,0,0
155007,2013-03-28,9,CELEBRATION,0,0
156789,2013-03-29,9,CELEBRATION,0,0
158571,2013-03-30,9,CELEBRATION,0,0
160353,2013-03-31,9,CELEBRATION,0,0
162135,2013-04-01,9,CELEBRATION,0,0
163917,2013-04-02,9,CELEBRATION,0,0
165699,2013-04-03,9,CELEBRATION,0,0
167481,2013-04-04,9,CELEBRATION,0,0
169263,2013-04-05,9,CELEBRATION,0,0
171045,2013-04-06,9,CELEBRATION,0,0
172827,2013-04-07,9,CELEBRATION,0,0
174609,2013-04-08,9,CELEBRATION,0,0
176391,2013-04-09,9,CELEBRATION,0,0
178173,2013-04-10,9,CELEBRATION,0,0
179955,2013-04-11,9,CELEBRATION,0,0
181737,2013-04-12,9,CELEBRATION,0,0
183519,2013-04-13,9,CELEBRATION,0,0
185301,2013-04-14,9,CELEBRATION,0,0
187083,2013-04-15,9,CELEBRATION,0,0
188865,2013-04-16,9,CELEBRATION,0,0
190647,2013-04-17,9,CELEBRATION,0,0
192429,2013-04-18,9,CELEBRATION,0,0
194211,2013-04-19,9,CELEBRATION,0,0
195993,2013-04-20,9,CELEBRATION,0,0
197775,2013-04-21,9,CELEBRATION,0,0
199557,2013-04-22,9,CELEBRATION,0,0
201339,2013-04-23,9,CELEBRATION,0,0
203121,2013-04-24,9,CELEBRATION,0,0
204903,2013-04-25,9,CELEBRATION,0,0
206685,2013-04-26,9,CELEBRATION,0,0
208467,2013-04-27,9,CELEBRATION,0,0
210249,2013-04-28,9,CELEBRATION,0,0
212031,2013-04-29,9,CELEBRATION,0,0
213813,2013-04-30,9,CELEBRATION,0,0
215595,2013-05-01,9,CELEBRATION,0,0
217377,2013-05-02,9,CELEBRATION,0,0
219159,2013-05-03,9,CELEBRATION,0,0
220941,2013-05-04,9,CELEBRATION,0,0
222723,2013-05-05,9,CELEBRATION,0,0
224505,2013-05-06,9,CELEBRATION,0,0
226287,2013-05-07,9,CELEBRATION,0,0
228069,2013-05-08,9,CELEBRATION,0,0
229851,2013-05-09,9,CELEBRATION,0,0
231633,2013-05-10,9,CELEBRATION,0,0
233415,2013-05-11,9,CELEBRATION,0,0
235197,2013-05-12,9,CELEBRATION,0,0
236979,2013-05-13,9,CELEBRATION,0,0
238761,2013-05-14,9,CELEBRATION,0,0
240543,2013-05-15,9,CELEBRATION,0,0
242325,2013-05-16,9,CELEBRATION,0,0
244107,2013-05-17,9,CELEBRATION,0,0
245889,2013-05-18,9,CELEBRATION,0,0
247671,2013-05-19,9,CELEBRATION,0,0
249453,2013-05-20,9,CELEBRATION,0,0
251235,2013-05-21,9,CELEBRATION,0,0
253017,2013-05-22,9,CELEBRATION,0,0
254799,2013-05-23,9,CELEBRATION,0,0
256581,2013-05-24,9,CELEBRATION,0,0
258363,2013-05-25,9,CELEBRATION,0,0
260145,2013-05-26,9,CELEBRATION,0,0
261927,2013-05-27,9,CELEBRATION,0,0
263709,2013-05-28,9,CELEBRATION,0,0
265491,2013-05-29,9,CELEBRATION,0,0
267273,2013-05-30,9,CELEBRATION,0,0
269055,2013-05-31,9,CELEBRATION,0,0
270837,2013-06-01,9,CELEBRATION,0,0
272619,2013-06-02,9,CELEBRATION,0,0
274401,2013-06-03,9,CELEBRATION,0,0
276183,2013-06-04,9,CELEBRATION,0,0
277965,2013-06-05,9,CELEBRATION,0,0
279747,2013-06-06,9,CELEBRATION,0,0
281529,2013-06-07,9,CELEBRATION,0,0
283311,2013-06-08,9,CELEBRATION,0,0
285093,2013-06-09,9,CELEBRATION,0,0
286875,2013-06-10,9,CELEBRATION,0,0
288657,2013-06-11,9,CELEBRATION,0,0
290439,2013-06-12,9,CELEBRATION,0,0
292221,2013-06-13,9,CELEBRATION,0,0
294003,2013-06-14,9,CELEBRATION,0,0
295785,2013-06-15,9,CELEBRATION,0,0
297567,2013-06-16,9,CELEBRATION,0,0
299349,2013-06-17,9,CELEBRATION,0,0
301131,2013-06-18,9,CELEBRATION,0,0
302913,2013-06-19,9,CELEBRATION,0,0
304695,2013-06-20,9,CELEBRATION,0,0
306477,2013-06-21,9,CELEBRATION,0,0
308259,2013-06-22,9,CELEBRATION,0,0
310041,2013-06-23,9,CELEBRATION,0,0
311823,2013-06-24,9,CELEBRATION,0,0
313605,2013-06-25,9,CELEBRATION,0,0
315387,2013-06-26,9,CELEBRATION,0,0
317169,2013-06-27,9,CELEBRATION,0,0
318951,2013-06-28,9,CELEBRATION,0,0
320733,2013-06-29,9,CELEBRATION,0,0
322515,2013-06-30,9,CELEBRATION,0,0
324297,2013-07-01,9,CELEBRATION,0,0
326079,2013-07-02,9,CELEBRATION,0,0
327861,2013-07-03,9,CELEBRATION,0,0
329643,2013-07-04,9,CELEBRATION,0,0
331425,2013-07-05,9,CELEBRATION,0,0
333207,2013-07-06,9,CELEBRATION,0,0
334989,2013-07-07,9,CELEBRATION,0,0
336771,2013-07-08,9,CELEBRATION,0,0
338553,2013-07-09,9,CELEBRATION,0,0
340335,2013-07-10,9,CELEBRATION,0,0
342117,2013-07-11,9,CELEBRATION,0,0
343899,2013-07-12,9,CELEBRATION,0,0
345681,2013-07-13,9,CELEBRATION,0,0
347463,2013-07-14,9,CELEBRATION,0,0
349245,2013-07-15,9,CELEBRATION,0,0
351027,2013-07-16,9,CELEBRATION,0,0
352809,2013-07-17,9,CELEBRATION,0,0
354591,2013-07-18,9,CELEBRATION,0,0
356373,2013-07-19,9,CELEBRATION,0,0
358155,2013-07-20,9,CELEBRATION,0,0
359937,2013-07-21,9,CELEBRATION,0,0
361719,2013-07-22,9,CELEBRATION,0,0
363501,2013-07-23,9,CELEBRATION,0,0
365283,2013-07-24,9,CELEBRATION,0,0
367065,2013-07-25,9,CELEBRATION,0,0
368847,2013-07-26,9,CELEBRATION,0,0
370629,2013-07-27,9,CELEBRATION,0,0
372411,2013-07-28,9,CELEBRATION,0,0
374193,2013-07-29,9,CELEBRATION,0,0
375975,2013-07-30,9,CELEBRATION,0,0
377757,2013-07-31,9,CELEBRATION,0,0
379539,2013-08-01,9,CELEBRATION,0,0
381321,2013-08-02,9,CELEBRATION,0,0
383103,2013-08-03,9,CELEBRATION,0,0
384885,2013-08-04,9,CELEBRATION,0,0
386667,2013-08-05,9,CELEBRATION,0,0
388449,2013-08-06,9,CELEBRATION,0,0
390231,2013-08-07,9,CELEBRATION,0,0
392013,2013-08-08,9,CELEBRATION,0,0
393795,2013-08-09,9,CELEBRATION,0,0
395577,2013-08-10,9,CELEBRATION,0,0
397359,2013-08-11,9,CELEBRATION,0,0
399141,2013-08-12,9,CELEBRATION,0,0
400923,2013-08-13,9,CELEBRATION,0,0
402705,2013-08-14,9,CELEBRATION,0,0
404487,2013-08-15,9,CELEBRATION,0,0
406269,2013-08-16,9,CELEBRATION,0,0
408051,2013-08-17,9,CELEBRATION,0,0
409833,2013-08-18,9,CELEBRATION,0,0
411615,2013-08-19,9,CELEBRATION,0,0
413397,2013-08-20,9,CELEBRATION,0,0
415179,2013-08-21,9,CELEBRATION,0,0
416961,2013-08-22,9,CELEBRATION,0,0
418743,2013-08-23,9,CELEBRATION,0,0
420525,2013-08-24,9,CELEBRATION,0,0
422307,2013-08-25,9,CELEBRATION,0,0
424089,2013-08-26,9,CELEBRATION,0,0
425871,2013-08-27,9,CELEBRATION,0,0
427653,2013-08-28,9,CELEBRATION,0,0
429435,2013-08-29,9,CELEBRATION,0,0
431217,2013-08-30,9,CELEBRATION,0,0
432999,2013-08-31,9,CELEBRATION,0,0
434781,2013-09-01,9,CELEBRATION,0,0
436563,2013-09-02,9,CELEBRATION,0,0
438345,2013-09-03,9,CELEBRATION,0,0
440127,2013-09-04,9,CELEBRATION,0,0
441909,2013-09-05,9,CELEBRATION,0,0
443691,2013-09-06,9,CELEBRATION,0,0
445473,2013-09-07,9,CELEBRATION,0,0
447255,2013-09-08,9,CELEBRATION,0,0
449037,2013-09-09,9,CELEBRATION,0,0
450819,2013-09-10,9,CELEBRATION,0,0
452601,2013-09-11,9,CELEBRATION,0,0
454383,2013-09-12,9,CELEBRATION,0,0
456165,2013-09-13,9,CELEBRATION,0,0
457947,2013-09-14,9,CELEBRATION,0,0
459729,2013-09-15,9,CELEBRATION,0,0
461511,2013-09-16,9,CELEBRATION,0,0
463293,2013-09-17,9,CELEBRATION,0,0
465075,2013-09-18,9,CELEBRATION,0,0
466857,2013-09-19,9,CELEBRATION,0,0
468639,2013-09-20,9,CELEBRATION,0,0
470421,2013-09-21,9,CELEBRATION,0,0
472203,2013-09-22,9,CELEBRATION,0,0
473985,2013-09-23,9,CELEBRATION,0,0
475767,2013-09-24,9,CELEBRATION,0,0
477549,2013-09-25,9,CELEBRATION,0,0
479331,2013-09-26,9,CELEBRATION,0,0
481113,2013-09-27,9,CELEBRATION,0,0
482895,2013-09-28,9,CELEBRATION,0,0
484677,2013-09-29,9,CELEBRATION,0,0
486459,2013-09-30,9,CELEBRATION,0,0
488241,2013-10-01,9,CELEBRATION,0,0
490023,2013-10-02,9,CELEBRATION,0,0
491805,2013-10-03,9,CELEBRATION,0,0
493587,2013-10-04,9,CELEBRATION,0,0
495369,2013-10-05,9,CELEBRATION,0,0
497151,2013-10-06,9,CELEBRATION,0,0
498933,2013-10-07,9,CELEBRATION,0,0
500715,2013-10-08,9,CELEBRATION,0,0
502497,2013-10-09,9,CELEBRATION,0,0
504279,2013-10-10,9,CELEBRATION,0,0
506061,2013-10-11,9,CELEBRATION,0,0
507843,2013-10-12,9,CELEBRATION,0,0
509625,2013-10-13,9,CELEBRATION,0,0
511407,2013-10-14,9,CELEBRATION,0,0
513189,2013-10-15,9,CELEBRATION,0,0
514971,2013-10-16,9,CELEBRATION,0,0
516753,2013-10-17,9,CELEBRATION,0,0
518535,2013-10-18,9,CELEBRATION,0,0
520317,2013-10-19,9,CELEBRATION,0,0
522099,2013-10-20,9,CELEBRATION,0,0
523881,2013-10-21,9,CELEBRATION,0,0
525663,2013-10-22,9,CELEBRATION,0,0
527445,2013-10-23,9,CELEBRATION,0,0
529227,2013-10-24,9,CELEBRATION,0,0
531009,2013-10-25,9,CELEBRATION,0,0
532791,2013-10-26,9,CELEBRATION,0,0
534573,2013-10-27,9,CELEBRATION,0,0
536355,2013-10-28,9,CELEBRATION,0,0
538137,2013-10-29,9,CELEBRATION,0,0
539919,2013-10-30,9,CELEBRATION,0,0
541701,2013-10-31,9,CELEBRATION,0,0
543483,2013-11-01,9,CELEBRATION,0,0
545265,2013-11-02,9,CELEBRATION,0,0
547047,2013-11-03,9,CELEBRATION,0,0
548829,2013-11-04,9,CELEBRATION,0,0
550611,2013-11-05,9,CELEBRATION,0,0
552393,2013-11-06,9,CELEBRATION,0,0
554175,2013-11-07,9,CELEBRATION,0,0
555957,2013-11-08,9,CELEBRATION,0,0
557739,2013-11-09,9,CELEBRATION,0,0
559521,2013-11-10,9,CELEBRATION,0,0
561303,2013-11-11,9,CELEBRATION,0,0
563085,2013-11-12,9,CELEBRATION,0,0
564867,2013-11-13,9,CELEBRATION,0,0
566649,2013-11-14,9,CELEBRATION,0,0
568431,2013-11-15,9,CELEBRATION,0,0
570213,2013-11-16,9,CELEBRATION,0,0
571995,2013-11-17,9,CELEBRATION,0,0
573777,2013-11-18,9,CELEBRATION,0,0
575559,2013-11-19,9,CELEBRATION,0,0
577341,2013-11-20,9,CELEBRATION,0,0
579123,2013-11-21,9,CELEBRATION,0,0
580905,2013-11-22,9,CELEBRATION,0,0
582687,2013-11-23,9,CELEBRATION,0,0
584469,2013-11-24,9,CELEBRATION,0,0
586251,2013-11-25,9,CELEBRATION,0,0
588033,2013-11-26,9,CELEBRATION,0,0
589815,2013-11-27,9,CELEBRATION,0,0
591597,2013-11-28,9,CELEBRATION,0,0
593379,2013-11-29,9,CELEBRATION,0,0
595161,2013-11-30,9,CELEBRATION,0,0
596943,2013-12-01,9,CELEBRATION,0,0
598725,2013-12-02,9,CELEBRATION,0,0
600507,2013-12-03,9,CELEBRATION,0,0
602289,2013-12-04,9,CELEBRATION,0,0
604071,2013-12-05,9,CELEBRATION,0,0
605853,2013-12-06,9,CELEBRATION,0,0
607635,2013-12-07,9,CELEBRATION,0,0
609417,2013-12-08,9,CELEBRATION,0,0
611199,2013-12-09,9,CELEBRATION,0,0
612981,2013-12-10,9,CELEBRATION,0,0
614763,2013-12-11,9,CELEBRATION,0,0
616545,2013-12-12,9,CELEBRATION,0,0
618327,2013-12-13,9,CELEBRATION,0,0
620109,2013-12-14,9,CELEBRATION,0,0
621891,2013-12-15,9,CELEBRATION,0,0
623673,2013-12-16,9,CELEBRATION,0,0
625455,2013-12-17,9,CELEBRATION,0,0
627237,2013-12-18,9,CELEBRATION,0,0
629019,2013-12-19,9,CELEBRATION,0,0
630801,2013-12-20,9,CELEBRATION,0,0
632583,2013-12-21,9,CELEBRATION,0,0
634365,2013-12-22,9,CELEBRATION,0,0
636147,2013-12-23,9,CELEBRATION,0,0
637929,2013-12-24,9,CELEBRATION,0,0
639711,2013-12-26,9,CELEBRATION,0,0
641493,2013-12-27,9,CELEBRATION,0,0
643275,2013-12-28,9,CELEBRATION,0,0
645057,2013-12-29,9,CELEBRATION,0,0
646839,2013-12-30,9,CELEBRATION,0,0
648621,2013-12-31,9,CELEBRATION,0,0
650403,2014-01-01,9,CELEBRATION,0,0
652185,2014-01-02,9,CELEBRATION,12,0
653967,2014-01-03,9,CELEBRATION,20,0
655749,2014-01-04,9,CELEBRATION,18,0
657531,2014-01-05,9,CELEBRATION,11,0
659313,2014-01-06,9,CELEBRATION,9,0
661095,2014-01-07,9,CELEBRATION,12,0
662877,2014-01-08,9,CELEBRATION,18,0
664659,2014-01-09,9,CELEBRATION,6,0
666441,2014-01-10,9,CELEBRATION,16,0
668223,2014-01-11,9,CELEBRATION,31,0
670005,2014-01-12,9,CELEBRATION,10,0
671787,2014-01-13,9,CELEBRATION,3,0
673569,2014-01-14,9,CELEBRATION,4,0
675351,2014-01-15,9,CELEBRATION,8,0
677133,2014-01-16,9,CELEBRATION,16,0
678915,2014-01-17,9,CELEBRATION,20,0
680697,2014-01-18,9,CELEBRATION,37,0
682479,2014-01-19,9,CELEBRATION,8,0
684261,2014-01-20,9,CELEBRATION,7,0
686043,2014-01-21,9,CELEBRATION,12,0
687825,2014-01-22,9,CELEBRATION,16,0
689607,2014-01-23,9,CELEBRATION,17,0
691389,2014-01-24,9,CELEBRATION,23,0
693171,2014-01-25,9,CELEBRATION,25,0
694953,2014-01-26,9,CELEBRATION,20,0
696735,2014-01-27,9,CELEBRATION,6,0
698517,2014-01-28,9,CELEBRATION,17,0
700299,2014-01-29,9,CELEBRATION,15,0
702081,2014-01-30,9,CELEBRATION,13,0
703863,2014-01-31,9,CELEBRATION,11,0
705645,2014-02-01,9,CELEBRATION,0,0
707427,2014-02-02,9,CELEBRATION,0,0
709209,2014-02-03,9,CELEBRATION,0,0
710991,2014-02-04,9,CELEBRATION,0,0
712773,2014-02-05,9,CELEBRATION,0,0
714555,2014-02-06,9,CELEBRATION,0,0
716337,2014-02-07,9,CELEBRATION,0,0
718119,2014-02-08,9,CELEBRATION,0,0
719901,2014-02-09,9,CELEBRATION,0,0
721683,2014-02-10,9,CELEBRATION,0,0
723465,2014-02-11,9,CELEBRATION,0,0
725247,2014-02-12,9,CELEBRATION,0,0
727029,2014-02-13,9,CELEBRATION,0,0
728811,2014-02-14,9,CELEBRATION,0,0
730593,2014-02-15,9,CELEBRATION,0,0
732375,2014-02-16,9,CELEBRATION,0,0
734157,2014-02-17,9,CELEBRATION,0,0
735939,2014-02-18,9,CELEBRATION,0,0
737721,2014-02-19,9,CELEBRATION,0,0
739503,2014-02-20,9,CELEBRATION,0,0
741285,2014-02-21,9,CELEBRATION,0,0
743067,2014-02-22,9,CELEBRATION,0,0
744849,2014-02-23,9,CELEBRATION,0,0
746631,2014-02-24,9,CELEBRATION,0,0
748413,2014-02-25,9,CELEBRATION,0,0
750195,2014-02-26,9,CELEBRATION,0,0
751977,2014-02-27,9,CELEBRATION,0,0
753759,2014-02-28,9,CELEBRATION,0,0
755541,2014-03-01,9,CELEBRATION,29,0
757323,2014-03-02,9,CELEBRATION,13,0
759105,2014-03-03,9,CELEBRATION,12,0
760887,2014-03-04,9,CELEBRATION,22,0
762669,2014-03-05,9,CELEBRATION,12,0
764451,2014-03-06,9,CELEBRATION,15,0
766233,2014-03-07,9,CELEBRATION,13,0
768015,2014-03-08,9,CELEBRATION,30,0
769797,2014-03-09,9,CELEBRATION,16,0
771579,2014-03-10,9,CELEBRATION,21,0
773361,2014-03-11,9,CELEBRATION,18,0
775143,2014-03-12,9,CELEBRATION,13,0
776925,2014-03-13,9,CELEBRATION,19,0
778707,2014-03-14,9,CELEBRATION,14,0
780489,2014-03-15,9,CELEBRATION,36,0
782271,2014-03-16,9,CELEBRATION,28,0
784053,2014-03-17,9,CELEBRATION,5,0
785835,2014-03-18,9,CELEBRATION,14,0
787617,2014-03-19,9,CELEBRATION,17,0
789399,2014-03-20,9,CELEBRATION,15,0
791181,2014-03-21,9,CELEBRATION,26,0
792963,2014-03-22,9,CELEBRATION,31,0
794745,2014-03-23,9,CELEBRATION,17,0
796527,2014-03-24,9,CELEBRATION,8,0
798309,2014-03-25,9,CELEBRATION,20,0
800091,2014-03-26,9,CELEBRATION,10,0
801873,2014-03-27,9,CELEBRATION,17,0
803655,2014-03-28,9,CELEBRATION,14,0
805437,2014-03-29,9,CELEBRATION,45,0
807219,2014-03-30,9,CELEBRATION,10,0
809001,2014-03-31,9,CELEBRATION,10,0
810783,2014-04-01,9,CELEBRATION,0,0
812565,2014-04-02,9,CELEBRATION,0,0
814347,2014-04-03,9,CELEBRATION,0,0
816129,2014-04-04,9,CELEBRATION,0,0
817911,2014-04-05,9,CELEBRATION,0,0
819693,2014-04-06,9,CELEBRATION,0,0
821475,2014-04-07,9,CELEBRATION,0,0
823257,2014-04-08,9,CELEBRATION,0,0
825039,2014-04-09,9,CELEBRATION,0,0
826821,2014-04-10,9,CELEBRATION,0,0
828603,2014-04-11,9,CELEBRATION,0,0
830385,2014-04-12,9,CELEBRATION,0,0
832167,2014-04-13,9,CELEBRATION,0,0
833949,2014-04-14,9,CELEBRATION,0,0
835731,2014-04-15,9,CELEBRATION,0,0
837513,2014-04-16,9,CELEBRATION,0,0
839295,2014-04-17,9,CELEBRATION,0,0
841077,2014-04-18,9,CELEBRATION,0,0
842859,2014-04-19,9,CELEBRATION,0,0
844641,2014-04-20,9,CELEBRATION,0,0
846423,2014-04-21,9,CELEBRATION,0,0
848205,2014-04-22,9,CELEBRATION,0,0
849987,2014-04-23,9,CELEBRATION,0,0
851769,2014-04-24,9,CELEBRATION,0,0
853551,2014-04-25,9,CELEBRATION,0,0
855333,2014-04-26,9,CELEBRATION,0,0
857115,2014-04-27,9,CELEBRATION,0,0
858897,2014-04-28,9,CELEBRATION,0,0
860679,2014-04-29,9,CELEBRATION,0,0
862461,2014-04-30,9,CELEBRATION,0,0
864243,2014-05-01,9,CELEBRATION,0,0
866025,2014-05-02,9,CELEBRATION,0,0
867807,2014-05-03,9,CELEBRATION,0,0
869589,2014-05-04,9,CELEBRATION,0,0
871371,2014-05-05,9,CELEBRATION,0,0
873153,2014-05-06,9,CELEBRATION,0,0
874935,2014-05-07,9,CELEBRATION,0,0
876717,2014-05-08,9,CELEBRATION,0,0
878499,2014-05-09,9,CELEBRATION,0,0
880281,2014-05-10,9,CELEBRATION,0,0
882063,2014-05-11,9,CELEBRATION,0,0
883845,2014-05-12,9,CELEBRATION,0,0
885627,2014-05-13,9,CELEBRATION,0,0
887409,2014-05-14,9,CELEBRATION,0,0
889191,2014-05-15,9,CELEBRATION,0,0
890973,2014-05-16,9,CELEBRATION,0,0
892755,2014-05-17,9,CELEBRATION,0,0
894537,2014-05-18,9,CELEBRATION,0,0
896319,2014-05-19,9,CELEBRATION,0,0
898101,2014-05-20,9,CELEBRATION,0,0
899883,2014-05-21,9,CELEBRATION,0,0
901665,2014-05-22,9,CELEBRATION,0,0
903447,2014-05-23,9,CELEBRATION,0,0
905229,2014-05-24,9,CELEBRATION,0,0
907011,2014-05-25,9,CELEBRATION,0,0
908793,2014-05-26,9,CELEBRATION,0,0
910575,2014-05-27,9,CELEBRATION,0,0
912357,2014-05-28,9,CELEBRATION,0,0
914139,2014-05-29,9,CELEBRATION,0,0
915921,2014-05-30,9,CELEBRATION,0,0
917703,2014-05-31,9,CELEBRATION,0,0
919485,2014-06-01,9,CELEBRATION,0,0
921267,2014-06-02,9,CELEBRATION,0,0
923049,2014-06-03,9,CELEBRATION,0,0
924831,2014-06-04,9,CELEBRATION,0,0
926613,2014-06-05,9,CELEBRATION,0,0
928395,2014-06-06,9,CELEBRATION,0,0
930177,2014-06-07,9,CELEBRATION,0,0
931959,2014-06-08,9,CELEBRATION,0,0
933741,2014-06-09,9,CELEBRATION,0,0
935523,2014-06-10,9,CELEBRATION,0,0
937305,2014-06-11,9,CELEBRATION,0,0
939087,2014-06-12,9,CELEBRATION,0,0
940869,2014-06-13,9,CELEBRATION,0,0
942651,2014-06-14,9,CELEBRATION,0,0
944433,2014-06-15,9,CELEBRATION,0,0
946215,2014-06-16,9,CELEBRATION,0,0
947997,2014-06-17,9,CELEBRATION,0,0
949779,2014-06-18,9,CELEBRATION,0,0
951561,2014-06-19,9,CELEBRATION,0,0
953343,2014-06-20,9,CELEBRATION,0,0
955125,2014-06-21,9,CELEBRATION,0,0
956907,2014-06-22,9,CELEBRATION,0,0
958689,2014-06-23,9,CELEBRATION,0,0
960471,2014-06-24,9,CELEBRATION,0,0
962253,2014-06-25,9,CELEBRATION,0,0
964035,2014-06-26,9,CELEBRATION,0,0
965817,2014-06-27,9,CELEBRATION,0,0
967599,2014-06-28,9,CELEBRATION,0,0
969381,2014-06-29,9,CELEBRATION,0,0
971163,2014-06-30,9,CELEBRATION,0,0
972945,2014-07-01,9,CELEBRATION,16,0
974727,2014-07-02,9,CELEBRATION,15,0
976509,2014-07-03,9,CELEBRATION,14,0
978291,2014-07-04,9,CELEBRATION,20,0
980073,2014-07-05,9,CELEBRATION,35,0
981855,2014-07-06,9,CELEBRATION,11,0
983637,2014-07-07,9,CELEBRATION,10,0
985419,2014-07-08,9,CELEBRATION,4,0
987201,2014-07-09,9,CELEBRATION,20,0
988983,2014-07-10,9,CELEBRATION,8,0
990765,2014-07-11,9,CELEBRATION,23,0
992547,2014-07-12,9,CELEBRATION,38,0
994329,2014-07-13,9,CELEBRATION,12,0
996111,2014-07-14,9,CELEBRATION,10,0
997893,2014-07-15,9,CELEBRATION,12,0
999675,2014-07-16,9,CELEBRATION,16,0
1001457,2014-07-17,9,CELEBRATION,16,0
1003239,2014-07-18,9,CELEBRATION,16,0
1005021,2014-07-19,9,CELEBRATION,14,0
1006803,2014-07-20,9,CELEBRATION,18,0
1008585,2014-07-21,9,CELEBRATION,6,0
1010367,2014-07-22,9,CELEBRATION,19,0
1012149,2014-07-23,9,CELEBRATION,10,0
1013931,2014-07-24,9,CELEBRATION,14,0
1015713,2014-07-25,9,CELEBRATION,12,0
1017495,2014-07-26,9,CELEBRATION,36,0
1019277,2014-07-27,9,CELEBRATION,12,0
1021059,2014-07-28,9,CELEBRATION,7,0
1022841,2014-07-29,9,CELEBRATION,11,0
1024623,2014-07-30,9,CELEBRATION,7,0
1026405,2014-07-31,9,CELEBRATION,17,0
1028187,2014-08-01,9,CELEBRATION,0,0
1029969,2014-08-02,9,CELEBRATION,0,0
1031751,2014-08-03,9,CELEBRATION,0,0
1033533,2014-08-04,9,CELEBRATION,0,0
1035315,2014-08-05,9,CELEBRATION,0,0
1037097,2014-08-06,9,CELEBRATION,0,0
1038879,2014-08-07,9,CELEBRATION,0,0
1040661,2014-08-08,9,CELEBRATION,0,0
1042443,2014-08-09,9,CELEBRATION,0,0
1044225,2014-08-10,9,CELEBRATION,0,0
1046007,2014-08-11,9,CELEBRATION,0,0
1047789,2014-08-12,9,CELEBRATION,0,0
1049571,2014-08-13,9,CELEBRATION,0,0
1051353,2014-08-14,9,CELEBRATION,0,0
1053135,2014-08-15,9,CELEBRATION,0,0
1054917,2014-08-16,9,CELEBRATION,0,0
1056699,2014-08-17,9,CELEBRATION,0,0
1058481,2014-08-18,9,CELEBRATION,0,0
1060263,2014-08-19,9,CELEBRATION,0,0
1062045,2014-08-20,9,CELEBRATION,0,0
1063827,2014-08-21,9,CELEBRATION,0,0
1065609,2014-08-22,9,CELEBRATION,0,0
1067391,2014-08-23,9,CELEBRATION,0,0
1069173,2014-08-24,9,CELEBRATION,0,0
1070955,2014-08-25,9,CELEBRATION,0,0
1072737,2014-08-26,9,CELEBRATION,0,0
1074519,2014-08-27,9,CELEBRATION,0,0
1076301,2014-08-28,9,CELEBRATION,0,0
1078083,2014-08-29,9,CELEBRATION,0,0
1079865,2014-08-30,9,CELEBRATION,0,0
1081647,2014-08-31,9,CELEBRATION,0,0
1083429,2014-09-01,9,CELEBRATION,12,0
1085211,2014-09-02,9,CELEBRATION,12,0
1086993,2014-09-03,9,CELEBRATION,12,0
1088775,2014-09-04,9,CELEBRATION,5,0
1090557,2014-09-05,9,CELEBRATION,19,0
1092339,2014-09-06,9,CELEBRATION,27,0
1094121,2014-09-07,9,CELEBRATION,8,0
1095903,2014-09-08,9,CELEBRATION,7,0
1097685,2014-09-09,9,CELEBRATION,13,0
1099467,2014-09-10,9,CELEBRATION,5,0
1101249,2014-09-11,9,CELEBRATION,25,0
1103031,2014-09-12,9,CELEBRATION,19,0
1104813,2014-09-13,9,CELEBRATION,29,0
1106595,2014-09-14,9,CELEBRATION,29,0
1108377,2014-09-15,9,CELEBRATION,13,0
1110159,2014-09-16,9,CELEBRATION,15,0
1111941,2014-09-17,9,CELEBRATION,9,0
1113723,2014-09-18,9,CELEBRATION,15,0
1115505,2014-09-19,9,CELEBRATION,14,0
1117287,2014-09-20,9,CELEBRATION,38,0
1119069,2014-09-21,9,CELEBRATION,14,0
1120851,2014-09-22,9,CELEBRATION,15,0
1122633,2014-09-23,9,CELEBRATION,3,0
1124415,2014-09-24,9,CELEBRATION,41,0
1126197,2014-09-25,9,CELEBRATION,7,0
1127979,2014-09-26,9,CELEBRATION,21,0
1129761,2014-09-27,9,CELEBRATION,25,0
1131543,2014-09-28,9,CELEBRATION,15,0
1133325,2014-09-29,9,CELEBRATION,16,0
1135107,2014-09-30,9,CELEBRATION,17,0
1136889,2014-10-01,9,CELEBRATION,22,0
1138671,2014-10-02,9,CELEBRATION,23,1
1140453,2014-10-03,9,CELEBRATION,21,0
1142235,2014-10-04,9,CELEBRATION,46,0
1144017,2014-10-05,9,CELEBRATION,17,0
1145799,2014-10-06,9,CELEBRATION,8,0
1147581,2014-10-07,9,CELEBRATION,14,0
1149363,2014-10-08,9,CELEBRATION,23,0
1151145,2014-10-09,9,CELEBRATION,11,0
1152927,2014-10-10,9,CELEBRATION,27,0
1154709,2014-10-11,9,CELEBRATION,24,0
1156491,2014-10-12,9,CELEBRATION,20,0
1158273,2014-10-13,9,CELEBRATION,9,0
1160055,2014-10-14,9,CELEBRATION,12,0
1161837,2014-10-15,9,CELEBRATION,8,0
1163619,2014-10-16,9,CELEBRATION,8,0
1165401,2014-10-17,9,CELEBRATION,18,0
1167183,2014-10-18,9,CELEBRATION,33,0
1168965,2014-10-19,9,CELEBRATION,21,0
1170747,2014-10-20,9,CELEBRATION,11,0
1172529,2014-10-21,9,CELEBRATION,13,0
1174311,2014-10-22,9,CELEBRATION,18,0
1176093,2014-10-23,9,CELEBRATION,11,0
1177875,2014-10-24,9,CELEBRATION,30,0
1179657,2014-10-25,9,CELEBRATION,39,0
1181439,2014-10-26,9,CELEBRATION,32,0
1183221,2014-10-27,9,CELEBRATION,6,0
1185003,2014-10-28,9,CELEBRATION,17,0
1186785,2014-10-29,9,CELEBRATION,10,0
1188567,2014-10-30,9,CELEBRATION,13,0
1190349,2014-10-31,9,CELEBRATION,17,0
1192131,2014-11-01,9,CELEBRATION,27,0
1193913,2014-11-02,9,CELEBRATION,27,0
1195695,2014-11-03,9,CELEBRATION,15,0
1197477,2014-11-04,9,CELEBRATION,13,0
1199259,2014-11-05,9,CELEBRATION,11,0
1201041,2014-11-06,9,CELEBRATION,11,0
1202823,2014-11-07,9,CELEBRATION,18,0
1204605,2014-11-08,9,CELEBRATION,42,0
1206387,2014-11-09,9,CELEBRATION,30,0
1208169,2014-11-10,9,CELEBRATION,8,0
1209951,2014-11-11,9,CELEBRATION,12,0
1211733,2014-11-12,9,CELEBRATION,2,0
1213515,2014-11-13,9,CELEBRATION,27,0
1215297,2014-11-14,9,CELEBRATION,25,0
1217079,2014-11-15,9,CELEBRATION,58,0
1218861,2014-11-16,9,CELEBRATION,12,0
1220643,2014-11-17,9,CELEBRATION,29,0
1222425,2014-11-18,9,CELEBRATION,7,0
1224207,2014-11-19,9,CELEBRATION,17,0
1225989,2014-11-20,9,CELEBRATION,19,0
1227771,2014-11-21,9,CELEBRATION,18,0
1229553,2014-11-22,9,CELEBRATION,24,0
1231335,2014-11-23,9,CELEBRATION,25,0
1233117,2014-11-24,9,CELEBRATION,13,0
1234899,2014-11-25,9,CELEBRATION,15,0
1236681,2014-11-26,9,CELEBRATION,5,0
1238463,2014-11-27,9,CELEBRATION,17,0
1240245,2014-11-28,9,CELEBRATION,20,0
1242027,2014-11-29,9,CELEBRATION,24,0
1243809,2014-11-30,9,CELEBRATION,15,0
1245591,2014-12-01,9,CELEBRATION,5,0
1247373,2014-12-02,9,CELEBRATION,12,0
1249155,2014-12-03,9,CELEBRATION,10,0
1250937,2014-12-04,9,CELEBRATION,31,0
1252719,2014-12-05,9,CELEBRATION,13,0
1254501,2014-12-06,9,CELEBRATION,18,0
1256283,2014-12-07,9,CELEBRATION,21,0
1258065,2014-12-08,9,CELEBRATION,6,0
1259847,2014-12-09,9,CELEBRATION,10,0
1261629,2014-12-10,9,CELEBRATION,7,0
1263411,2014-12-11,9,CELEBRATION,9,0
1265193,2014-12-12,9,CELEBRATION,19,0
1266975,2014-12-13,9,CELEBRATION,28,0
1268757,2014-12-14,9,CELEBRATION,13,0
1270539,2014-12-15,9,CELEBRATION,6,0
1272321,2014-12-16,9,CELEBRATION,7,0
1274103,2014-12-17,9,CELEBRATION,7,0
1275885,2014-12-18,9,CELEBRATION,10,0
1277667,2014-12-19,9,CELEBRATION,5,0
1279449,2014-12-20,9,CELEBRATION,22,0
1281231,2014-12-21,9,CELEBRATION,7,0
1283013,2014-12-22,9,CELEBRATION,9,0
1284795,2014-12-23,9,CELEBRATION,12,0
1286577,2014-12-24,9,CELEBRATION,23,0
1288359,2014-12-26,9,CELEBRATION,14,0
1290141,2014-12-27,9,CELEBRATION,12,0
1291923,2014-12-28,9,CELEBRATION,9,0
1293705,2014-12-29,9,CELEBRATION,4,0
1295487,2014-12-30,9,CELEBRATION,53,0
1297269,2014-12-31,9,CELEBRATION,11,0
1299051,2015-01-01,9,CELEBRATION,0,0
1300833,2015-01-02,9,CELEBRATION,0,0
1302615,2015-01-03,9,CELEBRATION,0,0
1304397,2015-01-04,9,CELEBRATION,0,0
1306179,2015-01-05,9,CELEBRATION,0,0
1307961,2015-01-06,9,CELEBRATION,0,0
1309743,2015-01-07,9,CELEBRATION,0,0
1311525,2015-01-08,9,CELEBRATION,0,0
1313307,2015-01-09,9,CELEBRATION,0,0
1315089,2015-01-10,9,CELEBRATION,0,0
1316871,2015-01-11,9,CELEBRATION,0,0
1318653,2015-01-12,9,CELEBRATION,0,0
1320435,2015-01-13,9,CELEBRATION,0,0
1322217,2015-01-14,9,CELEBRATION,0,0
1323999,2015-01-15,9,CELEBRATION,0,0
1325781,2015-01-16,9,CELEBRATION,0,0
1327563,2015-01-17,9,CELEBRATION,0,0
1329345,2015-01-18,9,CELEBRATION,0,0
1331127,2015-01-19,9,CELEBRATION,0,0
1332909,2015-01-20,9,CELEBRATION,0,0
1334691,2015-01-21,9,CELEBRATION,0,0
1336473,2015-01-22,9,CELEBRATION,0,0
1338255,2015-01-23,9,CELEBRATION,0,0
1340037,2015-01-24,9,CELEBRATION,0,0
1341819,2015-01-25,9,CELEBRATION,0,0
1343601,2015-01-26,9,CELEBRATION,0,0
1345383,2015-01-27,9,CELEBRATION,0,0
1347165,2015-01-28,9,CELEBRATION,0,0
1348947,2015-01-29,9,CELEBRATION,0,0
1350729,2015-01-30,9,CELEBRATION,0,0
1352511,2015-01-31,9,CELEBRATION,0,0
1354293,2015-02-01,9,CELEBRATION,0,0
1356075,2015-02-02,9,CELEBRATION,0,0
1357857,2015-02-03,9,CELEBRATION,0,0
1359639,2015-02-04,9,CELEBRATION,0,0
1361421,2015-02-05,9,CELEBRATION,0,0
1363203,2015-02-06,9,CELEBRATION,0,0
1364985,2015-02-07,9,CELEBRATION,0,0
1366767,2015-02-08,9,CELEBRATION,0,0
1368549,2015-02-09,9,CELEBRATION,0,0
1370331,2015-02-10,9,CELEBRATION,0,0
1372113,2015-02-11,9,CELEBRATION,0,0
1373895,2015-02-12,9,CELEBRATION,0,0
1375677,2015-02-13,9,CELEBRATION,0,0
1377459,2015-02-14,9,CELEBRATION,0,0
1379241,2015-02-15,9,CELEBRATION,0,0
1381023,2015-02-16,9,CELEBRATION,0,0
1382805,2015-02-17,9,CELEBRATION,0,0
1384587,2015-02-18,9,CELEBRATION,0,0
1386369,2015-02-19,9,CELEBRATION,0,0
1388151,2015-02-20,9,CELEBRATION,0,0
1389933,2015-02-21,9,CELEBRATION,0,0
1391715,2015-02-22,9,CELEBRATION,0,0
1393497,2015-02-23,9,CELEBRATION,0,0
1395279,2015-02-24,9,CELEBRATION,0,0
1397061,2015-02-25,9,CELEBRATION,0,0
1398843,2015-02-26,9,CELEBRATION,0,0
1400625,2015-02-27,9,CELEBRATION,0,0
1402407,2015-02-28,9,CELEBRATION,0,0
1404189,2015-03-01,9,CELEBRATION,0,0
1405971,2015-03-02,9,CELEBRATION,0,0
1407753,2015-03-03,9,CELEBRATION,0,0
1409535,2015-03-04,9,CELEBRATION,0,0
1411317,2015-03-05,9,CELEBRATION,0,0
1413099,2015-03-06,9,CELEBRATION,0,0
1414881,2015-03-07,9,CELEBRATION,0,0
1416663,2015-03-08,9,CELEBRATION,0,0
1418445,2015-03-09,9,CELEBRATION,0,0
1420227,2015-03-10,9,CELEBRATION,0,0
1422009,2015-03-11,9,CELEBRATION,0,0
1423791,2015-03-12,9,CELEBRATION,0,0
1425573,2015-03-13,9,CELEBRATION,0,0
1427355,2015-03-14,9,CELEBRATION,0,0
1429137,2015-03-15,9,CELEBRATION,0,0
1430919,2015-03-16,9,CELEBRATION,0,0
1432701,2015-03-17,9,CELEBRATION,0,0
1434483,2015-03-18,9,CELEBRATION,0,0
1436265,2015-03-19,9,CELEBRATION,0,0
1438047,2015-03-20,9,CELEBRATION,0,0
1439829,2015-03-21,9,CELEBRATION,0,0
1441611,2015-03-22,9,CELEBRATION,0,0
1443393,2015-03-23,9,CELEBRATION,0,0
1445175,2015-03-24,9,CELEBRATION,0,0
1446957,2015-03-25,9,CELEBRATION,0,0
1448739,2015-03-26,9,CELEBRATION,0,0
1450521,2015-03-27,9,CELEBRATION,0,0
1452303,2015-03-28,9,CELEBRATION,0,0
1454085,2015-03-29,9,CELEBRATION,0,0
1455867,2015-03-30,9,CELEBRATION,0,0
1457649,2015-03-31,9,CELEBRATION,0,0
1459431,2015-04-01,9,CELEBRATION,0,0
1461213,2015-04-02,9,CELEBRATION,0,0
1462995,2015-04-03,9,CELEBRATION,0,0
1464777,2015-04-04,9,CELEBRATION,0,0
1466559,2015-04-05,9,CELEBRATION,0,0
1468341,2015-04-06,9,CELEBRATION,0,0
1470123,2015-04-07,9,CELEBRATION,0,0
1471905,2015-04-08,9,CELEBRATION,0,0
1473687,2015-04-09,9,CELEBRATION,0,0
1475469,2015-04-10,9,CELEBRATION,0,0
1477251,2015-04-11,9,CELEBRATION,0,0
1479033,2015-04-12,9,CELEBRATION,0,0
1480815,2015-04-13,9,CELEBRATION,0,0
1482597,2015-04-14,9,CELEBRATION,0,0
1484379,2015-04-15,9,CELEBRATION,0,0
1486161,2015-04-16,9,CELEBRATION,0,0
1487943,2015-04-17,9,CELEBRATION,0,0
1489725,2015-04-18,9,CELEBRATION,0,0
1491507,2015-04-19,9,CELEBRATION,0,0
1493289,2015-04-20,9,CELEBRATION,0,0
1495071,2015-04-21,9,CELEBRATION,0,0
1496853,2015-04-22,9,CELEBRATION,0,0
1498635,2015-04-23,9,CELEBRATION,0,0
1500417,2015-04-24,9,CELEBRATION,0,0
1502199,2015-04-25,9,CELEBRATION,0,0
1503981,2015-04-26,9,CELEBRATION,0,0
1505763,2015-04-27,9,CELEBRATION,0,0
1507545,2015-04-28,9,CELEBRATION,0,0
1509327,2015-04-29,9,CELEBRATION,0,0
1511109,2015-04-30,9,CELEBRATION,0,0
1512891,2015-05-01,9,CELEBRATION,0,0
1514673,2015-05-02,9,CELEBRATION,0,0
1516455,2015-05-03,9,CELEBRATION,0,0
1518237,2015-05-04,9,CELEBRATION,0,0
1520019,2015-05-05,9,CELEBRATION,0,0
1521801,2015-05-06,9,CELEBRATION,0,0
1523583,2015-05-07,9,CELEBRATION,0,0
1525365,2015-05-08,9,CELEBRATION,0,0
1527147,2015-05-09,9,CELEBRATION,0,0
1528929,2015-05-10,9,CELEBRATION,0,0
1530711,2015-05-11,9,CELEBRATION,0,0
1532493,2015-05-12,9,CELEBRATION,0,0
1534275,2015-05-13,9,CELEBRATION,0,0
1536057,2015-05-14,9,CELEBRATION,0,0
1537839,2015-05-15,9,CELEBRATION,0,0
1539621,2015-05-16,9,CELEBRATION,0,0
1541403,2015-05-17,9,CELEBRATION,0,0
1543185,2015-05-18,9,CELEBRATION,0,0
1544967,2015-05-19,9,CELEBRATION,0,0
1546749,2015-05-20,9,CELEBRATION,0,0
1548531,2015-05-21,9,CELEBRATION,0,0
1550313,2015-05-22,9,CELEBRATION,0,0
1552095,2015-05-23,9,CELEBRATION,0,0
1553877,2015-05-24,9,CELEBRATION,0,0
1555659,2015-05-25,9,CELEBRATION,0,0
1557441,2015-05-26,9,CELEBRATION,0,0
1559223,2015-05-27,9,CELEBRATION,0,0
1561005,2015-05-28,9,CELEBRATION,0,0
1562787,2015-05-29,9,CELEBRATION,0,0
1564569,2015-05-30,9,CELEBRATION,0,0
1566351,2015-05-31,9,CELEBRATION,0,0
1568133,2015-06-01,9,CELEBRATION,7,0
1569915,2015-06-02,9,CELEBRATION,9,0
1571697,2015-06-03,9,CELEBRATION,9,0
1573479,2015-06-04,9,CELEBRATION,8,0
1575261,2015-06-05,9,CELEBRATION,19,0
1577043,2015-06-06,9,CELEBRATION,28,0
1578825,2015-06-07,9,CELEBRATION,14,0
1580607,2015-06-08,9,CELEBRATION,5,0
1582389,2015-06-09,9,CELEBRATION,11,0
1584171,2015-06-10,9,CELEBRATION,8,0
1585953,2015-06-11,9,CELEBRATION,12,0
1587735,2015-06-12,9,CELEBRATION,7,0
1589517,2015-06-13,9,CELEBRATION,24,0
1591299,2015-06-14,9,CELEBRATION,18,0
1593081,2015-06-15,9,CELEBRATION,11,0
1594863,2015-06-16,9,CELEBRATION,14,0
1596645,2015-06-17,9,CELEBRATION,7,0
1598427,2015-06-18,9,CELEBRATION,17,0
1600209,2015-06-19,9,CELEBRATION,21,0
1601991,2015-06-20,9,CELEBRATION,30,0
1603773,2015-06-21,9,CELEBRATION,14,0
1605555,2015-06-22,9,CELEBRATION,7,0
1607337,2015-06-23,9,CELEBRATION,39,0
1609119,2015-06-24,9,CELEBRATION,3,0
1610901,2015-06-25,9,CELEBRATION,20,0
1612683,2015-06-26,9,CELEBRATION,21,0
1614465,2015-06-27,9,CELEBRATION,31,0
1616247,2015-06-28,9,CELEBRATION,14,0
1618029,2015-06-29,9,CELEBRATION,6,0
1619811,2015-06-30,9,CELEBRATION,4,0
1621593,2015-07-01,9,CELEBRATION,12,0
1623375,2015-07-02,9,CELEBRATION,22,0
1625157,2015-07-03,9,CELEBRATION,13,0
1626939,2015-07-04,9,CELEBRATION,21,0
1628721,2015-07-05,9,CELEBRATION,15,0
1630503,2015-07-06,9,CELEBRATION,12,0
1632285,2015-07-07,9,CELEBRATION,19,0
1634067,2015-07-08,9,CELEBRATION,8,0
1635849,2015-07-09,9,CELEBRATION,23,0
1637631,2015-07-10,9,CELEBRATION,42,0
1639413,2015-07-11,9,CELEBRATION,21,0
1641195,2015-07-12,9,CELEBRATION,12,0
1642977,2015-07-13,9,CELEBRATION,19,0
1644759,2015-07-14,9,CELEBRATION,9,0
1646541,2015-07-15,9,CELEBRATION,19,0
1648323,2015-07-16,9,CELEBRATION,14,0
1650105,2015-07-17,9,CELEBRATION,11,0
1651887,2015-07-18,9,CELEBRATION,11,0
1653669,2015-07-19,9,CELEBRATION,6,0
1655451,2015-07-20,9,CELEBRATION,9,0
1657233,2015-07-21,9,CELEBRATION,18,0
1659015,2015-07-22,9,CELEBRATION,7,0
1660797,2015-07-23,9,CELEBRATION,7,0
1662579,2015-07-24,9,CELEBRATION,10,0
1664361,2015-07-25,9,CELEBRATION,31,0
1666143,2015-07-26,9,CELEBRATION,24,0
1667925,2015-07-27,9,CELEBRATION,4,0
1669707,2015-07-28,9,CELEBRATION,16,0
1671489,2015-07-29,9,CELEBRATION,14,0
1673271,2015-07-30,9,CELEBRATION,17,0
1675053,2015-07-31,9,CELEBRATION,28,0
1676835,2015-08-01,9,CELEBRATION,33,0
1678617,2015-08-02,9,CELEBRATION,25,0
1680399,2015-08-03,9,CELEBRATION,9,0
1682181,2015-08-04,9,CELEBRATION,11,0
1683963,2015-08-05,9,CELEBRATION,4,0
1685745,2015-08-06,9,CELEBRATION,16,0
1687527,2015-08-07,9,CELEBRATION,12,0
1689309,2015-08-08,9,CELEBRATION,14,0
1691091,2015-08-09,9,CELEBRATION,8,0
1692873,2015-08-10,9,CELEBRATION,6,0
1694655,2015-08-11,9,CELEBRATION,8,0
1696437,2015-08-12,9,CELEBRATION,8,0
1698219,2015-08-13,9,CELEBRATION,6,0
1700001,2015-08-14,9,CELEBRATION,21,0
1701783,2015-08-15,9,CELEBRATION,24,0
1703565,2015-08-16,9,CELEBRATION,18,0
1705347,2015-08-17,9,CELEBRATION,22,0
1707129,2015-08-18,9,CELEBRATION,17,0
1708911,2015-08-19,9,CELEBRATION,8,0
1710693,2015-08-20,9,CELEBRATION,26,0
1712475,2015-08-21,9,CELEBRATION,23,0
1714257,2015-08-22,9,CELEBRATION,27,0
1716039,2015-08-23,9,CELEBRATION,14,0
1717821,2015-08-24,9,CELEBRATION,18,0
1719603,2015-08-25,9,CELEBRATION,19,0
1721385,2015-08-26,9,CELEBRATION,7,0
1723167,2015-08-27,9,CELEBRATION,15,0
1724949,2015-08-28,9,CELEBRATION,18,0
1726731,2015-08-29,9,CELEBRATION,30,0
1728513,2015-08-30,9,CELEBRATION,19,0
1730295,2015-08-31,9,CELEBRATION,4,0
1732077,2015-09-01,9,CELEBRATION,8,0
1733859,2015-09-02,9,CELEBRATION,14,0
1735641,2015-09-03,9,CELEBRATION,10,0
1737423,2015-09-04,9,CELEBRATION,18,0
1739205,2015-09-05,9,CELEBRATION,42,0
1740987,2015-09-06,9,CELEBRATION,30,0
1742769,2015-09-07,9,CELEBRATION,14,0
1744551,2015-09-08,9,CELEBRATION,8,0
1746333,2015-09-09,9,CELEBRATION,6,0
1748115,2015-09-10,9,CELEBRATION,29,0
1749897,2015-09-11,9,CELEBRATION,24,0
1751679,2015-09-12,9,CELEBRATION,24,0
1753461,2015-09-13,9,CELEBRATION,14,0
1755243,2015-09-14,9,CELEBRATION,12,0
1757025,2015-09-15,9,CELEBRATION,7,0
1758807,2015-09-16,9,CELEBRATION,18,0
1760589,2015-09-17,9,CELEBRATION,7,0
1762371,2015-09-18,9,CELEBRATION,17,0
1764153,2015-09-19,9,CELEBRATION,28,0
1765935,2015-09-20,9,CELEBRATION,5,0
1767717,2015-09-21,9,CELEBRATION,3,0
1769499,2015-09-22,9,CELEBRATION,17,0
1771281,2015-09-23,9,CELEBRATION,21,0
1773063,2015-09-24,9,CELEBRATION,17,0
1774845,2015-09-25,9,CELEBRATION,24,0
1776627,2015-09-26,9,CELEBRATION,54,0
1778409,2015-09-27,9,CELEBRATION,21,0
1780191,2015-09-28,9,CELEBRATION,8,0
1781973,2015-09-29,9,CELEBRATION,23,0
1783755,2015-09-30,9,CELEBRATION,19,0
1785537,2015-10-01,9,CELEBRATION,30,0
1787319,2015-10-02,9,CELEBRATION,28,0
1789101,2015-10-03,9,CELEBRATION,44,0
1790883,2015-10-04,9,CELEBRATION,16,0
1792665,2015-10-05,9,CELEBRATION,13,0
1794447,2015-10-06,9,CELEBRATION,14,0
1796229,2015-10-07,9,CELEBRATION,15,0
1798011,2015-10-08,9,CELEBRATION,21,0
1799793,2015-10-09,9,CELEBRATION,29,0
1801575,2015-10-10,9,CELEBRATION,34,0
1803357,2015-10-11,9,CELEBRATION,26,0
1805139,2015-10-12,9,CELEBRATION,11,0
1806921,2015-10-13,9,CELEBRATION,8,0
1808703,2015-10-14,9,CELEBRATION,9,0
1810485,2015-10-15,9,CELEBRATION,20,0
1812267,2015-10-16,9,CELEBRATION,17,0
1814049,2015-10-17,9,CELEBRATION,31,0
1815831,2015-10-18,9,CELEBRATION,24,0
1817613,2015-10-19,9,CELEBRATION,14,0
1819395,2015-10-20,9,CELEBRATION,11,0
1821177,2015-10-21,9,CELEBRATION,13,0
1822959,2015-10-22,9,CELEBRATION,8,0
1824741,2015-10-23,9,CELEBRATION,6,0
1826523,2015-10-24,9,CELEBRATION,38,0
1828305,2015-10-25,9,CELEBRATION,22,0
1830087,2015-10-26,9,CELEBRATION,4,0
1831869,2015-10-27,9,CELEBRATION,9,0
1833651,2015-10-28,9,CELEBRATION,14,0
1835433,2015-10-29,9,CELEBRATION,8,0
1837215,2015-10-30,9,CELEBRATION,18,0
1838997,2015-10-31,9,CELEBRATION,23,0
1840779,2015-11-01,9,CELEBRATION,16,0
1842561,2015-11-02,9,CELEBRATION,14,0
1844343,2015-11-03,9,CELEBRATION,12,0
1846125,2015-11-04,9,CELEBRATION,44,0
1847907,2015-11-05,9,CELEBRATION,10,0
1849689,2015-11-06,9,CELEBRATION,15,0
1851471,2015-11-07,9,CELEBRATION,36,1
1853253,2015-11-08,9,CELEBRATION,41,0
1855035,2015-11-09,9,CELEBRATION,10,0
1856817,2015-11-10,9,CELEBRATION,11,0
1858599,2015-11-11,9,CELEBRATION,21,0
1860381,2015-11-12,9,CELEBRATION,17,0
1862163,2015-11-13,9,CELEBRATION,20,0
1863945,2015-11-14,9,CELEBRATION,27,0
1865727,2015-11-15,9,CELEBRATION,22,0
1867509,2015-11-16,9,CELEBRATION,4,0
1869291,2015-11-17,9,CELEBRATION,7,0
1871073,2015-11-18,9,CELEBRATION,4,0
1872855,2015-11-19,9,CELEBRATION,16,0
1874637,2015-11-20,9,CELEBRATION,10,0
1876419,2015-11-21,9,CELEBRATION,21,0
1878201,2015-11-22,9,CELEBRATION,32,0
1879983,2015-11-23,9,CELEBRATION,8,0
1881765,2015-11-24,9,CELEBRATION,35,0
1883547,2015-11-25,9,CELEBRATION,14,0
1885329,2015-11-26,9,CELEBRATION,13,0
1887111,2015-11-27,9,CELEBRATION,30,0
1888893,2015-11-28,9,CELEBRATION,25,0
1890675,2015-11-29,9,CELEBRATION,12,0
1892457,2015-11-30,9,CELEBRATION,9,0
1894239,2015-12-01,9,CELEBRATION,10,0
1896021,2015-12-02,9,CELEBRATION,11,0
1897803,2015-12-03,9,CELEBRATION,10,0
1899585,2015-12-04,9,CELEBRATION,10,0
1901367,2015-12-05,9,CELEBRATION,28,0
1903149,2015-12-06,9,CELEBRATION,13,0
1904931,2015-12-07,9,CELEBRATION,5,0
1906713,2015-12-08,9,CELEBRATION,7,0
1908495,2015-12-09,9,CELEBRATION,5,0
1910277,2015-12-10,9,CELEBRATION,8,0
1912059,2015-12-11,9,CELEBRATION,21,0
1913841,2015-12-12,9,CELEBRATION,25,0
1915623,2015-12-13,9,CELEBRATION,16,0
1917405,2015-12-14,9,CELEBRATION,12,0
1919187,2015-12-15,9,CELEBRATION,14,0
1920969,2015-12-16,9,CELEBRATION,10,0
1922751,2015-12-17,9,CELEBRATION,6,0
1924533,2015-12-18,9,CELEBRATION,10,0
1926315,2015-12-19,9,CELEBRATION,27,0
1928097,2015-12-20,9,CELEBRATION,25,0
1929879,2015-12-21,9,CELEBRATION,10,0
1931661,2015-12-22,9,CELEBRATION,16,0
1933443,2015-12-23,9,CELEBRATION,13,0
1935225,2015-12-24,9,CELEBRATION,19,0
1937007,2015-12-26,9,CELEBRATION,18,0
1938789,2015-12-27,9,CELEBRATION,6,0
1940571,2015-12-28,9,CELEBRATION,11,0
1942353,2015-12-29,9,CELEBRATION,14,0
1944135,2015-12-30,9,CELEBRATION,19,0
1945917,2015-12-31,9,CELEBRATION,58,0
1947699,2016-01-01,9,CELEBRATION,0,0
1949481,2016-01-02,9,CELEBRATION,16,0
1951263,2016-01-03,9,CELEBRATION,31,0
1953045,2016-01-04,9,CELEBRATION,10,0
1954827,2016-01-05,9,CELEBRATION,7,0
1956609,2016-01-06,9,CELEBRATION,14,0
1958391,2016-01-07,9,CELEBRATION,24,0
1960173,2016-01-08,9,CELEBRATION,15,0
1961955,2016-01-09,9,CELEBRATION,33,0
1963737,2016-01-10,9,CELEBRATION,20,0
1965519,2016-01-11,9,CELEBRATION,5,0
1967301,2016-01-12,9,CELEBRATION,20,0
1969083,2016-01-13,9,CELEBRATION,11,0
1970865,2016-01-14,9,CELEBRATION,17,0
1972647,2016-01-15,9,CELEBRATION,23,0
1974429,2016-01-16,9,CELEBRATION,25,0
1976211,2016-01-17,9,CELEBRATION,27,0
1977993,2016-01-18,9,CELEBRATION,14,0
1979775,2016-01-19,9,CELEBRATION,9,0
1981557,2016-01-20,9,CELEBRATION,10,0
1983339,2016-01-21,9,CELEBRATION,12,0
1985121,2016-01-22,9,CELEBRATION,11,0
1986903,2016-01-23,9,CELEBRATION,44,0
1988685,2016-01-24,9,CELEBRATION,25,0
1990467,2016-01-25,9,CELEBRATION,13,0
1992249,2016-01-26,9,CELEBRATION,7,0
1994031,2016-01-27,9,CELEBRATION,13,0
1995813,2016-01-28,9,CELEBRATION,19,0
1997595,2016-01-29,9,CELEBRATION,18,0
1999377,2016-01-30,9,CELEBRATION,28,0
2001159,2016-01-31,9,CELEBRATION,21,0
2002941,2016-02-01,9,CELEBRATION,10,0
2004723,2016-02-02,9,CELEBRATION,18,0
2006505,2016-02-03,9,CELEBRATION,15,0
2008287,2016-02-04,9,CELEBRATION,7,0
2010069,2016-02-05,9,CELEBRATION,21,0
2011851,2016-02-06,9,CELEBRATION,21,0
2013633,2016-02-07,9,CELEBRATION,14,0
2015415,2016-02-08,9,CELEBRATION,13,0
2017197,2016-02-09,9,CELEBRATION,14,0
2018979,2016-02-10,9,CELEBRATION,14,0
2020761,2016-02-11,9,CELEBRATION,16,0
2022543,2016-02-12,9,CELEBRATION,82,0
2024325,2016-02-13,9,CELEBRATION,35,0
2026107,2016-02-14,9,CELEBRATION,30,0
2027889,2016-02-15,9,CELEBRATION,7,0
2029671,2016-02-16,9,CELEBRATION,11,0
2031453,2016-02-17,9,CELEBRATION,13,0
2033235,2016-02-18,9,CELEBRATION,15,0
2035017,2016-02-19,9,CELEBRATION,15,0
2036799,2016-02-20,9,CELEBRATION,34,0
2038581,2016-02-21,9,CELEBRATION,17,0
2040363,2016-02-22,9,CELEBRATION,25,0
2042145,2016-02-23,9,CELEBRATION,16,0
2043927,2016-02-24,9,CELEBRATION,18,0
2045709,2016-02-25,9,CELEBRATION,11,0
2047491,2016-02-26,9,CELEBRATION,116,0
2049273,2016-02-27,9,CELEBRATION,20,0
2051055,2016-02-28,9,CELEBRATION,16,0
2052837,2016-02-29,9,CELEBRATION,7,0
2054619,2016-03-01,9,CELEBRATION,8,0
2056401,2016-03-02,9,CELEBRATION,26,0
2058183,2016-03-03,9,CELEBRATION,13,0
2059965,2016-03-04,9,CELEBRATION,11,0
2061747,2016-03-05,9,CELEBRATION,27,0
2063529,2016-03-06,9,CELEBRATION,55,0
2065311,2016-03-07,9,CELEBRATION,5,0
2067093,2016-03-08,9,CELEBRATION,10,0
2068875,2016-03-09,9,CELEBRATION,16,0
2070657,2016-03-10,9,CELEBRATION,7,0
2072439,2016-03-11,9,CELEBRATION,15,0
2074221,2016-03-12,9,CELEBRATION,12,0
2076003,2016-03-13,9,CELEBRATION,14,0
2077785,2016-03-14,9,CELEBRATION,4,0
2079567,2016-03-15,9,CELEBRATION,15,0
2081349,2016-03-16,9,CELEBRATION,30,0
2083131,2016-03-17,9,CELEBRATION,15,0
2084913,2016-03-18,9,CELEBRATION,23,0
2086695,2016-03-19,9,CELEBRATION,26,0
2088477,2016-03-20,9,CELEBRATION,18,1
2090259,2016-03-21,9,CELEBRATION,14,0
2092041,2016-03-22,9,CELEBRATION,9,0
2093823,2016-03-23,9,CELEBRATION,11,0
2095605,2016-03-24,9,CELEBRATION,8,0
2097387,2016-03-25,9,CELEBRATION,21,0
2099169,2016-03-26,9,CELEBRATION,24,0
2100951,2016-03-27,9,CELEBRATION,13,0
2102733,2016-03-28,9,CELEBRATION,16,0
2104515,2016-03-29,9,CELEBRATION,11,0
2106297,2016-03-30,9,CELEBRATION,5,0
2108079,2016-03-31,9,CELEBRATION,9,0
2109861,2016-04-01,9,CELEBRATION,22,0
2111643,2016-04-02,9,CELEBRATION,44,0
2113425,2016-04-03,9,CELEBRATION,19,0
2115207,2016-04-04,9,CELEBRATION,21,0
2116989,2016-04-05,9,CELEBRATION,14,0
2118771,2016-04-06,9,CELEBRATION,9,0
2120553,2016-04-07,9,CELEBRATION,15,0
2122335,2016-04-08,9,CELEBRATION,28,0
2124117,2016-04-09,9,CELEBRATION,47,0
2125899,2016-04-10,9,CELEBRATION,17,0
2127681,2016-04-11,9,CELEBRATION,14,0
2129463,2016-04-12,9,CELEBRATION,26,0
2131245,2016-04-13,9,CELEBRATION,11,0
2133027,2016-04-14,9,CELEBRATION,20,0
2134809,2016-04-15,9,CELEBRATION,16,0
2136591,2016-04-16,9,CELEBRATION,17,0
2138373,2016-04-17,9,CELEBRATION,18,0
2140155,2016-04-18,9,CELEBRATION,12,0
2141937,2016-04-19,9,CELEBRATION,14,0
2143719,2016-04-20,9,CELEBRATION,10,0
2145501,2016-04-21,9,CELEBRATION,28,0
2147283,2016-04-22,9,CELEBRATION,16,0
2149065,2016-04-23,9,CELEBRATION,35,0
2150847,2016-04-24,9,CELEBRATION,17,0
2152629,2016-04-25,9,CELEBRATION,10,0
2154411,2016-04-26,9,CELEBRATION,7,0
2156193,2016-04-27,9,CELEBRATION,9,0
2157975,2016-04-28,9,CELEBRATION,6,0
2159757,2016-04-29,9,CELEBRATION,13,0
2161539,2016-04-30,9,CELEBRATION,34,0
2163321,2016-05-01,9,CELEBRATION,18,0
2165103,2016-05-02,9,CELEBRATION,13,0
2166885,2016-05-03,9,CELEBRATION,23,0
2168667,2016-05-04,9,CELEBRATION,4,0
2170449,2016-05-05,9,CELEBRATION,20,0
2172231,2016-05-06,9,CELEBRATION,31,0
2174013,2016-05-07,9,CELEBRATION,40,0
2175795,2016-05-08,9,CELEBRATION,9,0
2177577,2016-05-09,9,CELEBRATION,4,0
2179359,2016-05-10,9,CELEBRATION,5,0
2181141,2016-05-11,9,CELEBRATION,12,0
2182923,2016-05-12,9,CELEBRATION,20,0
2184705,2016-05-13,9,CELEBRATION,20,0
2186487,2016-05-14,9,CELEBRATION,47,0
2188269,2016-05-15,9,CELEBRATION,10,0
2190051,2016-05-16,9,CELEBRATION,13,0
2191833,2016-05-17,9,CELEBRATION,17,0
2193615,2016-05-18,9,CELEBRATION,12,0
2195397,2016-05-19,9,CELEBRATION,3,0
2197179,2016-05-20,9,CELEBRATION,164,0
2198961,2016-05-21,9,CELEBRATION,46,0
2200743,2016-05-22,9,CELEBRATION,14,0
2202525,2016-05-23,9,CELEBRATION,10,0
2204307,2016-05-24,9,CELEBRATION,19,0
2206089,2016-05-25,9,CELEBRATION,5,0
2207871,2016-05-26,9,CELEBRATION,14,0
2209653,2016-05-27,9,CELEBRATION,29,0
2211435,2016-05-28,9,CELEBRATION,32,0
2213217,2016-05-29,9,CELEBRATION,13,0
2214999,2016-05-30,9,CELEBRATION,7,0
2216781,2016-05-31,9,CELEBRATION,13,0
2218563,2016-06-01,9,CELEBRATION,9,0
2220345,2016-06-02,9,CELEBRATION,21,0
2222127,2016-06-03,9,CELEBRATION,18,0
2223909,2016-06-04,9,CELEBRATION,28,0
2225691,2016-06-05,9,CELEBRATION,7,0
2227473,2016-06-06,9,CELEBRATION,10,0
2229255,2016-06-07,9,CELEBRATION,7,0
2231037,2016-06-08,9,CELEBRATION,8,0
2232819,2016-06-09,9,CELEBRATION,19,0
2234601,2016-06-10,9,CELEBRATION,25,0
2236383,2016-06-11,9,CELEBRATION,34,0
2238165,2016-06-12,9,CELEBRATION,7,0
2239947,2016-06-13,9,CELEBRATION,3,0
2241729,2016-06-14,9,CELEBRATION,8,0
2243511,2016-06-15,9,CELEBRATION,24,0
2245293,2016-06-16,9,CELEBRATION,9,0
2247075,2016-06-17,9,CELEBRATION,21,0
2248857,2016-06-18,9,CELEBRATION,25,0
2250639,2016-06-19,9,CELEBRATION,6,0
2252421,2016-06-20,9,CELEBRATION,9,0
2254203,2016-06-21,9,CELEBRATION,31,0
2255985,2016-06-22,9,CELEBRATION,7,0
2257767,2016-06-23,9,CELEBRATION,18,0
2259549,2016-06-24,9,CELEBRATION,12,0
2261331,2016-06-25,9,CELEBRATION,25,0
2263113,2016-06-26,9,CELEBRATION,32,0
2264895,2016-06-27,9,CELEBRATION,13,0
2266677,2016-06-28,9,CELEBRATION,16,0
2268459,2016-06-29,9,CELEBRATION,12,0
2270241,2016-06-30,9,CELEBRATION,15,0
2272023,2016-07-01,9,CELEBRATION,23,0
2273805,2016-07-02,9,CELEBRATION,34,0
2275587,2016-07-03,9,CELEBRATION,15,0
2277369,2016-07-04,9,CELEBRATION,10,0
2279151,2016-07-05,9,CELEBRATION,12,0
2280933,2016-07-06,9,CELEBRATION,19,0
2282715,2016-07-07,9,CELEBRATION,25,0
2284497,2016-07-08,9,CELEBRATION,7,0
2286279,2016-07-09,9,CELEBRATION,18,0
2288061,2016-07-10,9,CELEBRATION,4,0
2289843,2016-07-11,9,CELEBRATION,4,0
2291625,2016-07-12,9,CELEBRATION,5,0
2293407,2016-07-13,9,CELEBRATION,4,0
2295189,2016-07-14,9,CELEBRATION,4,0
2296971,2016-07-15,9,CELEBRATION,5,0
2298753,2016-07-16,9,CELEBRATION,12,0
2300535,2016-07-17,9,CELEBRATION,6,0
2302317,2016-07-18,9,CELEBRATION,4,0
2304099,2016-07-19,9,CELEBRATION,5,0
2305881,2016-07-20,9,CELEBRATION,3,0
2307663,2016-07-21,9,CELEBRATION,8,0
2309445,2016-07-22,9,CELEBRATION,15,0
2311227,2016-07-23,9,CELEBRATION,18,0
2313009,2016-07-24,9,CELEBRATION,16,0
2314791,2016-07-25,9,CELEBRATION,5,0
2316573,2016-07-26,9,CELEBRATION,11,0
2318355,2016-07-27,9,CELEBRATION,13,0
2320137,2016-07-28,9,CELEBRATION,7,0
2321919,2016-07-29,9,CELEBRATION,21,0
2323701,2016-07-30,9,CELEBRATION,39,0
2325483,2016-07-31,9,CELEBRATION,10,0
2327265,2016-08-01,9,CELEBRATION,14,0
2329047,2016-08-02,9,CELEBRATION,1,0
2330829,2016-08-03,9,CELEBRATION,8,0
2332611,2016-08-04,9,CELEBRATION,10,0
2334393,2016-08-05,9,CELEBRATION,135,0
2336175,2016-08-06,9,CELEBRATION,13,0
2337957,2016-08-07,9,CELEBRATION,8,0
2339739,2016-08-08,9,CELEBRATION,4,0
2341521,2016-08-09,9,CELEBRATION,15,0
2343303,2016-08-10,9,CELEBRATION,22,0
2345085,2016-08-11,9,CELEBRATION,22,0
2346867,2016-08-12,9,CELEBRATION,14,0
2348649,2016-08-13,9,CELEBRATION,19,0
2350431,2016-08-14,9,CELEBRATION,7,0
2352213,2016-08-15,9,CELEBRATION,7,0
2353995,2016-08-16,9,CELEBRATION,10,0
2355777,2016-08-17,9,CELEBRATION,29,0
2357559,2016-08-18,9,CELEBRATION,5,0
2359341,2016-08-19,9,CELEBRATION,21,0
2361123,2016-08-20,9,CELEBRATION,53,0
2362905,2016-08-21,9,CELEBRATION,20,0
2364687,2016-08-22,9,CELEBRATION,13,0
2366469,2016-08-23,9,CELEBRATION,6,0
2368251,2016-08-24,9,CELEBRATION,14,0
2370033,2016-08-25,9,CELEBRATION,34,0
2371815,2016-08-26,9,CELEBRATION,23,0
2373597,2016-08-27,9,CELEBRATION,38,0
2375379,2016-08-28,9,CELEBRATION,11,0
2377161,2016-08-29,9,CELEBRATION,13,0
2378943,2016-08-30,9,CELEBRATION,28,0
2380725,2016-08-31,9,CELEBRATION,9,0
2382507,2016-09-01,9,CELEBRATION,21,0
2384289,2016-09-02,9,CELEBRATION,15,0
2386071,2016-09-03,9,CELEBRATION,12,0
2387853,2016-09-04,9,CELEBRATION,8,0
2389635,2016-09-05,9,CELEBRATION,4,0
2391417,2016-09-06,9,CELEBRATION,6,0
2393199,2016-09-07,9,CELEBRATION,2,0
2394981,2016-09-08,9,CELEBRATION,3,0
2396763,2016-09-09,9,CELEBRATION,14,0
2398545,2016-09-10,9,CELEBRATION,35,0
2400327,2016-09-11,9,CELEBRATION,10,0
2402109,2016-09-12,9,CELEBRATION,0,0
2403891,2016-09-13,9,CELEBRATION,7,0
2405673,2016-09-14,9,CELEBRATION,9,0
2407455,2016-09-15,9,CELEBRATION,22,0
2409237,2016-09-16,9,CELEBRATION,21,0
2411019,2016-09-17,9,CELEBRATION,21,0
2412801,2016-09-18,9,CELEBRATION,14,0
2414583,2016-09-19,9,CELEBRATION,13,0
2416365,2016-09-20,9,CELEBRATION,16,0
2418147,2016-09-21,9,CELEBRATION,8,0
2419929,2016-09-22,9,CELEBRATION,10,0
2421711,2016-09-23,9,CELEBRATION,13,0
2423493,2016-09-24,9,CELEBRATION,30,0
2425275,2016-09-25,9,CELEBRATION,18,0
2427057,2016-09-26,9,CELEBRATION,7,0
2428839,2016-09-27,9,CELEBRATION,3,0
2430621,2016-09-28,9,CELEBRATION,9,0
2432403,2016-09-29,9,CELEBRATION,2,0
2434185,2016-09-30,9,CELEBRATION,10,0
2435967,2016-10-01,9,CELEBRATION,25,0
2437749,2016-10-02,9,CELEBRATION,9,0
2439531,2016-10-03,9,CELEBRATION,6,0
2441313,2016-10-04,9,CELEBRATION,7,0
2443095,2016-10-05,9,CELEBRATION,14,0
2444877,2016-10-06,9,CELEBRATION,14,0
2446659,2016-10-07,9,CELEBRATION,20,0
2448441,2016-10-08,9,CELEBRATION,29,0
2450223,2016-10-09,9,CELEBRATION,18,0
2452005,2016-10-10,9,CELEBRATION,0,0
2453787,2016-10-11,9,CELEBRATION,6,0
2455569,2016-10-12,9,CELEBRATION,7,0
2457351,2016-10-13,9,CELEBRATION,11,0
2459133,2016-10-14,9,CELEBRATION,6,0
2460915,2016-10-15,9,CELEBRATION,15,0
2462697,2016-10-16,9,CELEBRATION,7,0
2464479,2016-10-17,9,CELEBRATION,8,0
2466261,2016-10-18,9,CELEBRATION,5,0
2468043,2016-10-19,9,CELEBRATION,3,0
2469825,2016-10-20,9,CELEBRATION,16,0
2471607,2016-10-21,9,CELEBRATION,8,0
2473389,2016-10-22,9,CELEBRATION,4,0
2475171,2016-10-23,9,CELEBRATION,0,0
2476953,2016-10-24,9,CELEBRATION,1,0
2478735,2016-10-25,9,CELEBRATION,3,0
2480517,2016-10-26,9,CELEBRATION,0,0
2482299,2016-10-27,9,CELEBRATION,8,0
2484081,2016-10-28,9,CELEBRATION,14,4
2485863,2016-10-29,9,CELEBRATION,18,6
2487645,2016-10-30,9,CELEBRATION,9,5
2489427,2016-10-31,9,CELEBRATION,25,1
2491209,2016-11-01,9,CELEBRATION,3,0
2492991,2016-11-02,9,CELEBRATION,1,0
2494773,2016-11-03,9,CELEBRATION,3,0
2496555,2016-11-04,9,CELEBRATION,9,0
2498337,2016-11-05,9,CELEBRATION,11,0
2500119,2016-11-06,9,CELEBRATION,5,0
2501901,2016-11-07,9,CELEBRATION,7,0
2503683,2016-11-08,9,CELEBRATION,7,0
2505465,2016-11-09,9,CELEBRATION,1,0
2507247,2016-11-10,9,CELEBRATION,10,0
2509029,2016-11-11,9,CELEBRATION,7,0
2510811,2016-11-12,9,CELEBRATION,13,0
2512593,2016-11-13,9,CELEBRATION,6,0
2514375,2016-11-14,9,CELEBRATION,6,0
2516157,2016-11-15,9,CELEBRATION,3,0
2517939,2016-11-16,9,CELEBRATION,4,0
2519721,2016-11-17,9,CELEBRATION,1,0
2521503,2016-11-18,9,CELEBRATION,0,0
2523285,2016-11-19,9,CELEBRATION,4,0
2525067,2016-11-20,9,CELEBRATION,7,0
2526849,2016-11-21,9,CELEBRATION,1,0
2528631,2016-11-22,9,CELEBRATION,6,0
2530413,2016-11-23,9,CELEBRATION,5,0
2532195,2016-11-24,9,CELEBRATION,5,0
2533977,2016-11-25,9,CELEBRATION,6,0
2535759,2016-11-26,9,CELEBRATION,21,0
2537541,2016-11-27,9,CELEBRATION,5,0
2539323,2016-11-28,9,CELEBRATION,1,0
2541105,2016-11-29,9,CELEBRATION,4,0
2542887,2016-11-30,9,CELEBRATION,1,0
2544669,2016-12-01,9,CELEBRATION,8,0
2546451,2016-12-02,9,CELEBRATION,6,0
2548233,2016-12-03,9,CELEBRATION,21,0
2550015,2016-12-04,9,CELEBRATION,2,0
2551797,2016-12-05,9,CELEBRATION,5,0
2553579,2016-12-06,9,CELEBRATION,8,0
2555361,2016-12-07,9,CELEBRATION,5,0
2557143,2016-12-08,9,CELEBRATION,8,0
2558925,2016-12-09,9,CELEBRATION,12,0
2560707,2016-12-10,9,CELEBRATION,11,0
2562489,2016-12-11,9,CELEBRATION,3,0
2564271,2016-12-12,9,CELEBRATION,2,0
2566053,2016-12-13,9,CELEBRATION,11,0
2567835,2016-12-14,9,CELEBRATION,6,0
2569617,2016-12-15,9,CELEBRATION,25,0
2571399,2016-12-16,9,CELEBRATION,12,0
2573181,2016-12-17,9,CELEBRATION,18,0
2574963,2016-12-18,9,CELEBRATION,18,0
2576745,2016-12-19,9,CELEBRATION,3,0
2578527,2016-12-20,9,CELEBRATION,11,0
2580309,2016-12-21,9,CELEBRATION,62,0
2582091,2016-12-22,9,CELEBRATION,55,0
2583873,2016-12-23,9,CELEBRATION,27,0
2585655,2016-12-24,9,CELEBRATION,34,0
2587437,2016-12-26,9,CELEBRATION,10,0
2589219,2016-12-27,9,CELEBRATION,16,0
2591001,2016-12-28,9,CELEBRATION,23,0
2592783,2016-12-29,9,CELEBRATION,13,0
2594565,2016-12-30,9,CELEBRATION,6,0
2596347,2016-12-31,9,CELEBRATION,17,0
2598129,2017-01-01,9,CELEBRATION,0,0
2599911,2017-01-02,9,CELEBRATION,11,0
2601693,2017-01-03,9,CELEBRATION,22,0
2603475,2017-01-04,9,CELEBRATION,14,0
2605257,2017-01-05,9,CELEBRATION,14,0
2607039,2017-01-06,9,CELEBRATION,8,0
2608821,2017-01-07,9,CELEBRATION,36,0
2610603,2017-01-08,9,CELEBRATION,18,0
2612385,2017-01-09,9,CELEBRATION,5,0
2614167,2017-01-10,9,CELEBRATION,16,0
2615949,2017-01-11,9,CELEBRATION,27,0
2617731,2017-01-12,9,CELEBRATION,30,0
2619513,2017-01-13,9,CELEBRATION,9,0
2621295,2017-01-14,9,CELEBRATION,42,0
2623077,2017-01-15,9,CELEBRATION,26,0
2624859,2017-01-16,9,CELEBRATION,11,0
2626641,2017-01-17,9,CELEBRATION,14,0
2628423,2017-01-18,9,CELEBRATION,12,0
2630205,2017-01-19,9,CELEBRATION,11,0
2631987,2017-01-20,9,CELEBRATION,12,0
2633769,2017-01-21,9,CELEBRATION,43,0
2635551,2017-01-22,9,CELEBRATION,5,0
2637333,2017-01-23,9,CELEBRATION,2,0
2639115,2017-01-24,9,CELEBRATION,14,0
2640897,2017-01-25,9,CELEBRATION,15,0
2642679,2017-01-26,9,CELEBRATION,10,0
2644461,2017-01-27,9,CELEBRATION,50,0
2646243,2017-01-28,9,CELEBRATION,21,0
2648025,2017-01-29,9,CELEBRATION,11,0
2649807,2017-01-30,9,CELEBRATION,4,0
2651589,2017-01-31,9,CELEBRATION,21,0
2653371,2017-02-01,9,CELEBRATION,152,0
2655153,2017-02-02,9,CELEBRATION,11,0
2656935,2017-02-03,9,CELEBRATION,27,0
2658717,2017-02-04,9,CELEBRATION,15,0
2660499,2017-02-05,9,CELEBRATION,8,0
2662281,2017-02-06,9,CELEBRATION,8,0
2664063,2017-02-07,9,CELEBRATION,11,0
2665845,2017-02-08,9,CELEBRATION,15,0
2667627,2017-02-09,9,CELEBRATION,9,0
2669409,2017-02-10,9,CELEBRATION,11,0
2671191,2017-02-11,9,CELEBRATION,32,0
2672973,2017-02-12,9,CELEBRATION,8,0
2674755,2017-02-13,9,CELEBRATION,8,0
2676537,2017-02-14,9,CELEBRATION,8,0
2678319,2017-02-15,9,CELEBRATION,7,0
2680101,2017-02-16,9,CELEBRATION,13,0
2681883,2017-02-17,9,CELEBRATION,10,0
2683665,2017-02-18,9,CELEBRATION,20,0
2685447,2017-02-19,9,CELEBRATION,6,0
2687229,2017-02-20,9,CELEBRATION,8,0
2689011,2017-02-21,9,CELEBRATION,13,0
2690793,2017-02-22,9,CELEBRATION,8,0
2692575,2017-02-23,9,CELEBRATION,12,0
2694357,2017-02-24,9,CELEBRATION,25,0
2696139,2017-02-25,9,CELEBRATION,22,0
2697921,2017-02-26,9,CELEBRATION,12,0
2699703,2017-02-27,9,CELEBRATION,12,0
2701485,2017-02-28,9,CELEBRATION,15,0
2703267,2017-03-01,9,CELEBRATION,7,0
2705049,2017-03-02,9,CELEBRATION,15,0
2706831,2017-03-03,9,CELEBRATION,11,0
2708613,2017-03-04,9,CELEBRATION,16,0
2710395,2017-03-05,9,CELEBRATION,14,0
2712177,2017-03-06,9,CELEBRATION,22,0
2713959,2017-03-07,9,CELEBRATION,10,0
2715741,2017-03-08,9,CELEBRATION,9,0
2717523,2017-03-09,9,CELEBRATION,11,0
2719305,2017-03-10,9,CELEBRATION,8,0
2721087,2017-03-11,9,CELEBRATION,15,0
2722869,2017-03-12,9,CELEBRATION,6,0
2724651,2017-03-13,9,CELEBRATION,8,0
2726433,2017-03-14,9,CELEBRATION,10,0
2728215,2017-03-15,9,CELEBRATION,16,0
2729997,2017-03-16,9,CELEBRATION,22,0
2731779,2017-03-17,9,CELEBRATION,20,0
2733561,2017-03-18,9,CELEBRATION,24,0
2735343,2017-03-19,9,CELEBRATION,20,0
2737125,2017-03-20,9,CELEBRATION,3,0
2738907,2017-03-21,9,CELEBRATION,6,0
2740689,2017-03-22,9,CELEBRATION,5,0
2742471,2017-03-23,9,CELEBRATION,9,0
2744253,2017-03-24,9,CELEBRATION,10,0
2746035,2017-03-25,9,CELEBRATION,11,0
2747817,2017-03-26,9,CELEBRATION,13,0
2749599,2017-03-27,9,CELEBRATION,3,0
2751381,2017-03-28,9,CELEBRATION,6,0
2753163,2017-03-29,9,CELEBRATION,8,0
2754945,2017-03-30,9,CELEBRATION,6,0
2756727,2017-03-31,9,CELEBRATION,14,0
2758509,2017-04-01,9,CELEBRATION,13,0
2760291,2017-04-02,9,CELEBRATION,4,0
2762073,2017-04-03,9,CELEBRATION,4,0
2763855,2017-04-04,9,CELEBRATION,5,0
2765637,2017-04-05,9,CELEBRATION,13,0
2767419,2017-04-06,9,CELEBRATION,13,0
2769201,2017-04-07,9,CELEBRATION,19,0
2770983,2017-04-08,9,CELEBRATION,20,0
2772765,2017-04-09,9,CELEBRATION,7,0
2774547,2017-04-10,9,CELEBRATION,8,0
2776329,2017-04-11,9,CELEBRATION,8,0
2778111,2017-04-12,9,CELEBRATION,6,0
2779893,2017-04-13,9,CELEBRATION,17,0
2781675,2017-04-14,9,CELEBRATION,11,0
2783457,2017-04-15,9,CELEBRATION,12,0
2785239,2017-04-16,9,CELEBRATION,8,0
2787021,2017-04-17,9,CELEBRATION,7,0
2788803,2017-04-18,9,CELEBRATION,1,0
2790585,2017-04-19,9,CELEBRATION,4,0
2792367,2017-04-20,9,CELEBRATION,11,0
2794149,2017-04-21,9,CELEBRATION,6,0
2795931,2017-04-22,9,CELEBRATION,6,0
2797713,2017-04-23,9,CELEBRATION,8,0
2799495,2017-04-24,9,CELEBRATION,15,0
2801277,2017-04-25,9,CELEBRATION,13,0
2803059,2017-04-26,9,CELEBRATION,9,0
2804841,2017-04-27,9,CELEBRATION,5,0
2806623,2017-04-28,9,CELEBRATION,3,0
2808405,2017-04-29,9,CELEBRATION,14,0
2810187,2017-04-30,9,CELEBRATION,7,0
2811969,2017-05-01,9,CELEBRATION,6,0
2813751,2017-05-02,9,CELEBRATION,7,0
2815533,2017-05-03,9,CELEBRATION,5,0
2817315,2017-05-04,9,CELEBRATION,6,0
2819097,2017-05-05,9,CELEBRATION,8,0
2820879,2017-05-06,9,CELEBRATION,23,1
2822661,2017-05-07,9,CELEBRATION,18,0
2824443,2017-05-08,9,CELEBRATION,27,0
2826225,2017-05-09,9,CELEBRATION,7,0
2828007,2017-05-10,9,CELEBRATION,6,0
2829789,2017-05-11,9,CELEBRATION,11,0
2831571,2017-05-12,9,CELEBRATION,8,0
2833353,2017-05-13,9,CELEBRATION,15,0
2835135,2017-05-14,9,CELEBRATION,22,0
2836917,2017-05-15,9,CELEBRATION,7,0
2838699,2017-05-16,9,CELEBRATION,7,0
2840481,2017-05-17,9,CELEBRATION,7,0
2842263,2017-05-18,9,CELEBRATION,12,1
2844045,2017-05-19,9,CELEBRATION,13,0
2845827,2017-05-20,9,CELEBRATION,27,1
2847609,2017-05-21,9,CELEBRATION,24,0
2849391,2017-05-22,9,CELEBRATION,12,0
2851173,2017-05-23,9,CELEBRATION,8,0
2852955,2017-05-24,9,CELEBRATION,38,3
2854737,2017-05-25,9,CELEBRATION,11,0
2856519,2017-05-26,9,CELEBRATION,23,0
2858301,2017-05-27,9,CELEBRATION,22,0
2860083,2017-05-28,9,CELEBRATION,14,0
2861865,2017-05-29,9,CELEBRATION,7,0
2863647,2017-05-30,9,CELEBRATION,5,0
2865429,2017-05-31,9,CELEBRATION,7,0
2867211,2017-06-01,9,CELEBRATION,10,0
2868993,2017-06-02,9,CELEBRATION,16,0
2870775,2017-06-03,9,CELEBRATION,28,0
2872557,2017-06-04,9,CELEBRATION,13,0
2874339,2017-06-05,9,CELEBRATION,5,0
2876121,2017-06-06,9,CELEBRATION,3,0
2877903,2017-06-07,9,CELEBRATION,7,0
2879685,2017-06-08,9,CELEBRATION,108,0
2881467,2017-06-09,9,CELEBRATION,0,0
2883249,2017-06-10,9,CELEBRATION,23,0
2885031,2017-06-11,9,CELEBRATION,16,0
2886813,2017-06-12,9,CELEBRATION,10,0
2888595,2017-06-13,9,CELEBRATION,17,0
2890377,2017-06-14,9,CELEBRATION,10,0
2892159,2017-06-15,9,CELEBRATION,7,0
2893941,2017-06-16,9,CELEBRATION,11,0
2895723,2017-06-17,9,CELEBRATION,29,0
2897505,2017-06-18,9,CELEBRATION,13,0
2899287,2017-06-19,9,CELEBRATION,16,0
2901069,2017-06-20,9,CELEBRATION,11,0
2902851,2017-06-21,9,CELEBRATION,9,0
2904633,2017-06-22,9,CELEBRATION,7,0
2906415,2017-06-23,9,CELEBRATION,19,0
2908197,2017-06-24,9,CELEBRATION,49,0
2909979,2017-06-25,9,CELEBRATION,13,0
2911761,2017-06-26,9,CELEBRATION,6,0
2913543,2017-06-27,9,CELEBRATION,10,0
2915325,2017-06-28,9,CELEBRATION,28,0
2917107,2017-06-29,9,CELEBRATION,18,0
2918889,2017-06-30,9,CELEBRATION,32,0
2920671,2017-07-01,9,CELEBRATION,21,0
2922453,2017-07-02,9,CELEBRATION,12,0
2924235,2017-07-03,9,CELEBRATION,10,0
2926017,2017-07-04,9,CELEBRATION,11,0
2927799,2017-07-05,9,CELEBRATION,14,0
2929581,2017-07-06,9,CELEBRATION,18,0
2931363,2017-07-07,9,CELEBRATION,35,0
2933145,2017-07-08,9,CELEBRATION,43,0
2934927,2017-07-09,9,CELEBRATION,20,0
2936709,2017-07-10,9,CELEBRATION,14,0
2938491,2017-07-11,9,CELEBRATION,18,0
2940273,2017-07-12,9,CELEBRATION,14,0
2942055,2017-07-13,9,CELEBRATION,10,0
2943837,2017-07-14,9,CELEBRATION,8,0
2945619,2017-07-15,9,CELEBRATION,34,0
2947401,2017-07-16,9,CELEBRATION,23,0
2949183,2017-07-17,9,CELEBRATION,7,0
2950965,2017-07-18,9,CELEBRATION,20,0
2952747,2017-07-19,9,CELEBRATION,17,0
2954529,2017-07-20,9,CELEBRATION,7,0
2956311,2017-07-21,9,CELEBRATION,14,0
2958093,2017-07-22,9,CELEBRATION,31,0
2959875,2017-07-23,9,CELEBRATION,19,0
2961657,2017-07-24,9,CELEBRATION,11,0
2963439,2017-07-25,9,CELEBRATION,18,0
2965221,2017-07-26,9,CELEBRATION,12,0
2967003,2017-07-27,9,CELEBRATION,10,0
2968785,2017-07-28,9,CELEBRATION,18,0
2970567,2017-07-29,9,CELEBRATION,32,0
2972349,2017-07-30,9,CELEBRATION,13,0
2974131,2017-07-31,9,CELEBRATION,11,0
2975913,2017-08-01,9,CELEBRATION,20,0
2977695,2017-08-02,9,CELEBRATION,9,0
2979477,2017-08-03,9,CELEBRATION,5,0
2981259,2017-08-04,9,CELEBRATION,11,0
2983041,2017-08-05,9,CELEBRATION,25,0
2984823,2017-08-06,9,CELEBRATION,25,0
2986605,2017-08-07,9,CELEBRATION,11,0
2988387,2017-08-08,9,CELEBRATION,18,0
2990169,2017-08-09,9,CELEBRATION,20,0
2991951,2017-08-10,9,CELEBRATION,16,0
2993733,2017-08-11,9,CELEBRATION,10,0
2995515,2017-08-12,9,CELEBRATION,18,0
2997297,2017-08-13,9,CELEBRATION,11,0
2999079,2017-08-14,9,CELEBRATION,12,0
3000861,2017-08-15,9,CELEBRATION,16,0
